subjectID,assigned_condition,block_nr,trial_nr,grid,selected_choice,reward
VXnyDUcS,0,0,0,16,149,54
VXnyDUcS,0,1,0,15,224,23
VXnyDUcS,0,2,0,17,179,44
VXnyDUcS,0,3,0,0,149,70
VXnyDUcS,0,4,0,1,89,15
VXnyDUcS,0,5,0,9,224,68
VXnyDUcS,0,6,0,8,177,6
VXnyDUcS,0,7,0,7,224,30
VXnyDUcS,0,8,0,14,89,61
VXnyDUcS,0,9,0,13,221,16
VXnyDUcS,0,10,0,11,149,50
VXnyDUcS,0,11,0,6,179,20
VXnyDUcS,0,12,0,5,218,50
VXnyDUcS,0,13,0,12,179,20
VXnyDUcS,0,14,0,10,224,25
VXnyDUcS,0,15,0,18,221,10
VXnyDUcS,0,16,0,2,219,76
VXnyDUcS,0,17,0,4,120,64
VXnyDUcS,0,18,0,19,89,70
VXnyDUcS,0,19,0,3,73,5
DOaZBNMm,3,0,0,4,120,38
DOaZBNMm,3,1,0,2,219,68
DOaZBNMm,3,2,0,19,89,50
DOaZBNMm,3,3,0,18,221,65
DOaZBNMm,3,4,0,3,73,20
DOaZBNMm,3,5,0,11,149,70
DOaZBNMm,3,6,0,5,218,55
DOaZBNMm,3,7,0,10,224,70
DOaZBNMm,3,8,0,6,179,40
DOaZBNMm,3,9,0,12,179,60
DOaZBNMm,3,10,0,7,224,30
DOaZBNMm,3,11,0,8,177,15
DOaZBNMm,3,12,0,13,221,69
DOaZBNMm,3,13,0,14,89,50
DOaZBNMm,3,14,0,9,224,70
DOaZBNMm,3,15,0,15,224,65
DOaZBNMm,3,16,0,16,149,60
DOaZBNMm,3,17,0,17,179,33
DOaZBNMm,3,18,0,1,89,50
DOaZBNMm,3,19,0,0,149,70
TDZurfdC,0,0,0,13,221,50
TDZurfdC,0,1,0,9,224,70
TDZurfdC,0,2,0,7,224,20
TDZurfdC,0,3,0,8,177,15
TDZurfdC,0,4,0,14,89,40
TDZurfdC,0,5,0,6,179,30
TDZurfdC,0,6,0,11,149,30
TDZurfdC,0,7,0,10,224,25
TDZurfdC,0,8,0,12,179,15
TDZurfdC,0,9,0,5,218,30
TDZurfdC,0,10,0,4,120,30
TDZurfdC,0,11,0,18,221,25
TDZurfdC,0,12,0,19,89,25
TDZurfdC,0,13,0,3,73,5
TDZurfdC,0,14,0,2,219,65
TDZurfdC,0,15,0,17,179,30
TDZurfdC,0,16,0,16,149,30
TDZurfdC,0,17,0,1,89,40
TDZurfdC,0,18,0,15,224,40
TDZurfdC,0,19,0,0,149,35
kFvGqsFv,1,0,0,12,179,9
kFvGqsFv,1,1,0,5,218,81
kFvGqsFv,1,2,0,11,149,48
kFvGqsFv,1,3,0,10,224,78
kFvGqsFv,1,4,0,6,179,24
kFvGqsFv,1,5,0,4,120,71
kFvGqsFv,1,6,0,18,221,9
kFvGqsFv,1,7,0,3,73,2
kFvGqsFv,1,8,0,19,89,54
kFvGqsFv,1,9,0,2,219,81
kFvGqsFv,1,10,0,17,179,9
kFvGqsFv,1,11,0,16,149,42
kFvGqsFv,1,12,0,1,89,9
kFvGqsFv,1,13,0,15,224,70
kFvGqsFv,1,14,0,0,149,50
kFvGqsFv,1,15,0,8,177,9
kFvGqsFv,1,16,0,14,89,40
kFvGqsFv,1,17,0,7,224,9
kFvGqsFv,1,18,0,13,221,9
kFvGqsFv,1,19,0,9,224,71
6jc7uk3v,0,0,0,2,219,65
6jc7uk3v,0,1,0,3,73,20
6jc7uk3v,0,2,0,18,221,50
6jc7uk3v,0,3,0,19,89,40
6jc7uk3v,0,4,0,4,120,55
6jc7uk3v,0,5,0,12,179,60
6jc7uk3v,0,6,0,5,218,30
6jc7uk3v,0,7,0,11,149,25
6jc7uk3v,0,8,0,6,179,20
6jc7uk3v,0,9,0,10,224,15
6jc7uk3v,0,10,0,8,177,15
6jc7uk3v,0,11,0,13,221,15
6jc7uk3v,0,12,0,14,89,40
6jc7uk3v,0,13,0,7,224,50
6jc7uk3v,0,14,0,9,224,65
6jc7uk3v,0,15,0,1,89,20
6jc7uk3v,0,16,0,16,149,42
6jc7uk3v,0,17,0,15,224,15
6jc7uk3v,0,18,0,17,179,30
6jc7uk3v,0,19,0,0,149,55
3QUfzrj9,3,0,0,16,149,40
3QUfzrj9,3,1,0,17,179,50
3QUfzrj9,3,2,0,0,149,55
3QUfzrj9,3,3,0,15,224,42
3QUfzrj9,3,4,0,1,89,54
3QUfzrj9,3,5,0,3,73,12
3QUfzrj9,3,6,0,4,120,71
3QUfzrj9,3,7,0,18,221,35
3QUfzrj9,3,8,0,19,89,47
3QUfzrj9,3,9,0,2,219,80
3QUfzrj9,3,10,0,6,179,29
3QUfzrj9,3,11,0,5,218,34
3QUfzrj9,3,12,0,10,224,52
3QUfzrj9,3,13,0,12,179,14
3QUfzrj9,3,14,0,11,149,61
3QUfzrj9,3,15,0,14,89,38
3QUfzrj9,3,16,0,7,224,55
3QUfzrj9,3,17,0,9,224,76
3QUfzrj9,3,18,0,13,221,21
3QUfzrj9,3,19,0,8,177,9
FTwnzJSm,3,0,0,10,224,40
FTwnzJSm,3,1,0,6,179,42
FTwnzJSm,3,2,0,11,149,54
FTwnzJSm,3,3,0,12,179,61
FTwnzJSm,3,4,0,5,218,64
FTwnzJSm,3,5,0,8,177,12
FTwnzJSm,3,6,0,14,89,42
FTwnzJSm,3,7,0,13,221,55
FTwnzJSm,3,8,0,7,224,35
FTwnzJSm,3,9,0,9,224,65
FTwnzJSm,3,10,0,1,89,64
FTwnzJSm,3,11,0,15,224,55
FTwnzJSm,3,12,0,16,149,72
FTwnzJSm,3,13,0,0,149,72
FTwnzJSm,3,14,0,17,179,44
FTwnzJSm,3,15,0,3,73,15
FTwnzJSm,3,16,0,19,89,40
FTwnzJSm,3,17,0,18,221,60
FTwnzJSm,3,18,0,2,219,72
FTwnzJSm,3,19,0,4,120,52
mbhPWWqA,3,0,0,13,221,9
mbhPWWqA,3,1,0,14,89,10
mbhPWWqA,3,2,0,9,224,4
mbhPWWqA,3,3,0,8,177,3
mbhPWWqA,3,4,0,7,224,15
mbhPWWqA,3,5,0,17,179,17
mbhPWWqA,3,6,0,16,149,5
mbhPWWqA,3,7,0,1,89,11
mbhPWWqA,3,8,0,15,224,24
mbhPWWqA,3,9,0,0,149,6
mbhPWWqA,3,10,0,18,221,13
mbhPWWqA,3,11,0,3,73,6
mbhPWWqA,3,12,0,4,120,10
mbhPWWqA,3,13,0,19,89,9
mbhPWWqA,3,14,0,2,219,4
mbhPWWqA,3,15,0,12,179,11
mbhPWWqA,3,16,0,6,179,15
mbhPWWqA,3,17,0,11,149,8
mbhPWWqA,3,18,0,5,218,17
mbhPWWqA,3,19,0,10,224,20
mTOAGxN5,0,0,0,8,177,30
mTOAGxN5,0,1,0,7,224,10
mTOAGxN5,0,2,0,9,224,50
mTOAGxN5,0,3,0,13,221,20
mTOAGxN5,0,4,0,14,89,50
mTOAGxN5,0,5,0,17,179,17
mTOAGxN5,0,6,0,16,149,77
mTOAGxN5,0,7,0,15,224,10
mTOAGxN5,0,8,0,0,149,54
mTOAGxN5,0,9,0,1,89,10
mTOAGxN5,0,10,0,3,73,10
mTOAGxN5,0,11,0,4,120,50
mTOAGxN5,0,12,0,2,219,60
mTOAGxN5,0,13,0,18,221,70
mTOAGxN5,0,14,0,19,89,50
mTOAGxN5,0,15,0,12,179,10
mTOAGxN5,0,16,0,5,218,10
mTOAGxN5,0,17,0,10,224,60
mTOAGxN5,0,18,0,11,149,70
mTOAGxN5,0,19,0,6,179,10
DEv1aHNJ,2,0,0,7,224,45
DEv1aHNJ,2,1,0,9,224,60
DEv1aHNJ,2,2,0,8,177,22
DEv1aHNJ,2,3,0,14,89,58
DEv1aHNJ,2,4,0,13,221,75
DEv1aHNJ,2,5,0,1,89,60
DEv1aHNJ,2,6,0,0,149,60
DEv1aHNJ,2,7,0,15,224,60
DEv1aHNJ,2,8,0,17,179,60
DEv1aHNJ,2,9,0,16,149,45
DEv1aHNJ,2,10,0,4,120,45
DEv1aHNJ,2,11,0,2,219,75
DEv1aHNJ,2,12,0,3,73,10
DEv1aHNJ,2,13,0,19,89,60
DEv1aHNJ,2,14,0,18,221,45
DEv1aHNJ,2,15,0,11,149,54
DEv1aHNJ,2,16,0,12,179,75
DEv1aHNJ,2,17,0,10,224,65
DEv1aHNJ,2,18,0,5,218,60
DEv1aHNJ,2,19,0,6,179,43
AcfXidbB,3,0,0,19,89,56
AcfXidbB,3,1,0,2,219,70
AcfXidbB,3,2,0,18,221,20
AcfXidbB,3,3,0,3,73,6
AcfXidbB,3,4,0,4,120,40
AcfXidbB,3,5,0,6,179,10
AcfXidbB,3,6,0,11,149,64
AcfXidbB,3,7,0,10,224,10
AcfXidbB,3,8,0,12,179,10
AcfXidbB,3,9,0,5,218,77
AcfXidbB,3,10,0,14,89,60
AcfXidbB,3,11,0,8,177,23
AcfXidbB,3,12,0,9,224,70
AcfXidbB,3,13,0,7,224,20
AcfXidbB,3,14,0,13,221,10
AcfXidbB,3,15,0,16,149,60
AcfXidbB,3,16,0,17,179,21
AcfXidbB,3,17,0,15,224,77
AcfXidbB,3,18,0,1,89,25
AcfXidbB,3,19,0,0,149,70
MGwuFluO,1,0,0,8,177,25
MGwuFluO,1,1,0,7,224,25
MGwuFluO,1,2,0,14,89,35
MGwuFluO,1,3,0,9,224,50
MGwuFluO,1,4,0,13,221,25
MGwuFluO,1,5,0,17,179,19
MGwuFluO,1,6,0,15,224,20
MGwuFluO,1,7,0,0,149,47
MGwuFluO,1,8,0,1,89,25
MGwuFluO,1,9,0,16,149,20
MGwuFluO,1,10,0,19,89,46
MGwuFluO,1,11,0,2,219,52
MGwuFluO,1,12,0,3,73,20
MGwuFluO,1,13,0,4,120,47
MGwuFluO,1,14,0,18,221,20
MGwuFluO,1,15,0,11,149,32
MGwuFluO,1,16,0,6,179,18
MGwuFluO,1,17,0,10,224,25
MGwuFluO,1,18,0,5,218,20
MGwuFluO,1,19,0,12,179,18
oy3GJkkz,1,0,0,0,149,45
oy3GJkkz,1,1,0,15,224,51
oy3GJkkz,1,2,0,17,179,9
oy3GJkkz,1,3,0,16,149,40
oy3GJkkz,1,4,0,1,89,30
oy3GJkkz,1,5,0,8,177,10
oy3GJkkz,1,6,0,14,89,35
oy3GJkkz,1,7,0,9,224,80
oy3GJkkz,1,8,0,7,224,5
oy3GJkkz,1,9,0,13,221,50
oy3GJkkz,1,10,0,5,218,55
oy3GJkkz,1,11,0,12,179,37
oy3GJkkz,1,12,0,11,149,70
oy3GJkkz,1,13,0,6,179,50
oy3GJkkz,1,14,0,10,224,60
oy3GJkkz,1,15,0,3,73,13
oy3GJkkz,1,16,0,19,89,49
oy3GJkkz,1,17,0,4,120,87
oy3GJkkz,1,18,0,2,219,90
oy3GJkkz,1,19,0,18,221,30
pQ7iKpf5,2,0,0,14,89,23
pQ7iKpf5,2,1,0,8,177,12
pQ7iKpf5,2,2,0,7,224,77
pQ7iKpf5,2,3,0,13,221,54
pQ7iKpf5,2,4,0,9,224,77
pQ7iKpf5,2,5,0,1,89,66
pQ7iKpf5,2,6,0,16,149,54
pQ7iKpf5,2,7,0,15,224,35
pQ7iKpf5,2,8,0,17,179,64
pQ7iKpf5,2,9,0,0,149,54
pQ7iKpf5,2,10,0,19,89,68
pQ7iKpf5,2,11,0,3,73,11
pQ7iKpf5,2,12,0,2,219,76
pQ7iKpf5,2,13,0,4,120,54
pQ7iKpf5,2,14,0,18,221,11
pQ7iKpf5,2,15,0,12,179,54
pQ7iKpf5,2,16,0,11,149,66
pQ7iKpf5,2,17,0,5,218,44
pQ7iKpf5,2,18,0,10,224,20
pQ7iKpf5,2,19,0,6,179,38
AgVrL919,3,0,0,4,120,48
AgVrL919,3,1,0,18,221,35
AgVrL919,3,2,0,19,89,50
AgVrL919,3,3,0,2,219,70
AgVrL919,3,4,0,3,73,10
AgVrL919,3,5,0,17,179,60
AgVrL919,3,6,0,15,224,15
AgVrL919,3,7,0,0,149,62
AgVrL919,3,8,0,1,89,25
AgVrL919,3,9,0,16,149,30
AgVrL919,3,10,0,9,224,55
AgVrL919,3,11,0,7,224,35
AgVrL919,3,12,0,8,177,6
AgVrL919,3,13,0,14,89,55
AgVrL919,3,14,0,13,221,15
AgVrL919,3,15,0,12,179,25
AgVrL919,3,16,0,10,224,14
AgVrL919,3,17,0,5,218,4
AgVrL919,3,18,0,6,179,45
AgVrL919,3,19,0,11,149,25
hsAvlSjb,1,0,0,11,149,47
hsAvlSjb,1,1,0,5,218,15
hsAvlSjb,1,2,0,10,224,70
hsAvlSjb,1,3,0,6,179,10
hsAvlSjb,1,4,0,12,179,15
hsAvlSjb,1,5,0,9,224,70
hsAvlSjb,1,6,0,14,89,29
hsAvlSjb,1,7,0,7,224,40
hsAvlSjb,1,8,0,13,221,71
hsAvlSjb,1,9,0,8,177,39
hsAvlSjb,1,10,0,16,149,67
hsAvlSjb,1,11,0,17,179,19
hsAvlSjb,1,12,0,0,149,72
hsAvlSjb,1,13,0,15,224,81
hsAvlSjb,1,14,0,1,89,70
hsAvlSjb,1,15,0,18,221,56
hsAvlSjb,1,16,0,2,219,80
hsAvlSjb,1,17,0,4,120,71
hsAvlSjb,1,18,0,3,73,29
hsAvlSjb,1,19,0,19,89,30
AaIfX4PC,1,0,0,15,224,45
AaIfX4PC,1,1,0,17,179,50
AaIfX4PC,1,2,0,0,149,82
AaIfX4PC,1,3,0,1,89,36
AaIfX4PC,1,4,0,16,149,65
AaIfX4PC,1,5,0,13,221,35
AaIfX4PC,1,6,0,14,89,48
AaIfX4PC,1,7,0,8,177,16
AaIfX4PC,1,8,0,7,224,32
AaIfX4PC,1,9,0,9,224,70
AaIfX4PC,1,10,0,12,179,32
AaIfX4PC,1,11,0,6,179,16
AaIfX4PC,1,12,0,11,149,70
AaIfX4PC,1,13,0,10,224,65
AaIfX4PC,1,14,0,5,218,80
AaIfX4PC,1,15,0,4,120,50
AaIfX4PC,1,16,0,18,221,26
AaIfX4PC,1,17,0,3,73,10
AaIfX4PC,1,18,0,19,89,65
AaIfX4PC,1,19,0,2,219,75
BofXoNFk,1,0,0,9,224,43
BofXoNFk,1,1,0,7,224,10
BofXoNFk,1,2,0,8,177,37
BofXoNFk,1,3,0,14,89,56
BofXoNFk,1,4,0,13,221,30
BofXoNFk,1,5,0,10,224,60
BofXoNFk,1,6,0,11,149,50
BofXoNFk,1,7,0,12,179,70
BofXoNFk,1,8,0,6,179,60
BofXoNFk,1,9,0,5,218,20
BofXoNFk,1,10,0,18,221,34
BofXoNFk,1,11,0,2,219,72
BofXoNFk,1,12,0,4,120,62
BofXoNFk,1,13,0,19,89,43
BofXoNFk,1,14,0,3,73,24
BofXoNFk,1,15,0,15,224,33
BofXoNFk,1,16,0,0,149,58
BofXoNFk,1,17,0,1,89,60
BofXoNFk,1,18,0,17,179,54
BofXoNFk,1,19,0,16,149,54
2MepxQlz,0,0,0,10,224,56
2MepxQlz,0,1,0,5,218,34
2MepxQlz,0,2,0,6,179,48
2MepxQlz,0,3,0,12,179,68
2MepxQlz,0,4,0,11,149,65
2MepxQlz,0,5,0,19,89,48
2MepxQlz,0,6,0,3,73,23
2MepxQlz,0,7,0,4,120,59
2MepxQlz,0,8,0,2,219,69
2MepxQlz,0,9,0,18,221,44
2MepxQlz,0,10,0,16,149,22
2MepxQlz,0,11,0,17,179,56
2MepxQlz,0,12,0,0,149,65
2MepxQlz,0,13,0,1,89,56
2MepxQlz,0,14,0,15,224,52
2MepxQlz,0,15,0,8,177,46
2MepxQlz,0,16,0,7,224,33
2MepxQlz,0,17,0,14,89,47
2MepxQlz,0,18,0,13,221,65
2MepxQlz,0,19,0,9,224,23
H7wpJP3z,0,0,0,14,89,48
H7wpJP3z,0,1,0,7,224,24
H7wpJP3z,0,2,0,8,177,14
H7wpJP3z,0,3,0,9,224,68
H7wpJP3z,0,4,0,13,221,46
H7wpJP3z,0,5,0,10,224,52
H7wpJP3z,0,6,0,11,149,68
H7wpJP3z,0,7,0,6,179,36
H7wpJP3z,0,8,0,5,218,60
H7wpJP3z,0,9,0,12,179,64
H7wpJP3z,0,10,0,4,120,63
H7wpJP3z,0,11,0,18,221,49
H7wpJP3z,0,12,0,3,73,55
H7wpJP3z,0,13,0,19,89,60
H7wpJP3z,0,14,0,2,219,72
H7wpJP3z,0,15,0,1,89,68
H7wpJP3z,0,16,0,17,179,59
H7wpJP3z,0,17,0,15,224,70
H7wpJP3z,0,18,0,0,149,53
H7wpJP3z,0,19,0,16,149,47
6lXxUPU2,0,0,0,1,89,55
6lXxUPU2,0,1,0,15,224,70
6lXxUPU2,0,2,0,17,179,35
6lXxUPU2,0,3,0,0,149,30
6lXxUPU2,0,4,0,16,149,45
6lXxUPU2,0,5,0,18,221,70
6lXxUPU2,0,6,0,3,73,20
6lXxUPU2,0,7,0,4,120,55
6lXxUPU2,0,8,0,19,89,50
6lXxUPU2,0,9,0,2,219,80
6lXxUPU2,0,10,0,12,179,55
6lXxUPU2,0,11,0,10,224,72
6lXxUPU2,0,12,0,6,179,50
6lXxUPU2,0,13,0,11,149,40
6lXxUPU2,0,14,0,5,218,74
6lXxUPU2,0,15,0,13,221,55
6lXxUPU2,0,16,0,7,224,30
6lXxUPU2,0,17,0,14,89,50
6lXxUPU2,0,18,0,8,177,40
6lXxUPU2,0,19,0,9,224,35
hW3fM6Cq,2,0,0,6,179,3
hW3fM6Cq,2,1,0,5,218,25
hW3fM6Cq,2,2,0,10,224,23
hW3fM6Cq,2,3,0,11,149,12
hW3fM6Cq,2,4,0,12,179,10
hW3fM6Cq,2,5,0,7,224,35
hW3fM6Cq,2,6,0,9,224,24
hW3fM6Cq,2,7,0,14,89,23
hW3fM6Cq,2,8,0,8,177,34
hW3fM6Cq,2,9,0,13,221,12
hW3fM6Cq,2,10,0,16,149,21
hW3fM6Cq,2,11,0,0,149,23
hW3fM6Cq,2,12,0,17,179,26
hW3fM6Cq,2,13,0,15,224,13
hW3fM6Cq,2,14,0,1,89,28
hW3fM6Cq,2,15,0,4,120,9
hW3fM6Cq,2,16,0,2,219,22
hW3fM6Cq,2,17,0,19,89,21
hW3fM6Cq,2,18,0,3,73,34
hW3fM6Cq,2,19,0,18,221,23
rZJBFV36,0,0,0,6,179,30
rZJBFV36,0,1,0,10,224,45
rZJBFV36,0,2,0,11,149,30
rZJBFV36,0,3,0,5,218,45
rZJBFV36,0,4,0,12,179,40
rZJBFV36,0,5,0,18,221,45
rZJBFV36,0,6,0,2,219,50
rZJBFV36,0,7,0,4,120,40
rZJBFV36,0,8,0,3,73,25
rZJBFV36,0,9,0,19,89,35
rZJBFV36,0,10,0,16,149,25
rZJBFV36,0,11,0,0,149,45
rZJBFV36,0,12,0,15,224,50
rZJBFV36,0,13,0,1,89,50
rZJBFV36,0,14,0,17,179,45
rZJBFV36,0,15,0,13,221,50
rZJBFV36,0,16,0,14,89,42
rZJBFV36,0,17,0,9,224,45
rZJBFV36,0,18,0,8,177,20
rZJBFV36,0,19,0,7,224,30
HsR4Ee3W,1,0,0,11,149,20
HsR4Ee3W,1,1,0,10,224,34
HsR4Ee3W,1,2,0,6,179,43
HsR4Ee3W,1,3,0,5,218,21
HsR4Ee3W,1,4,0,12,179,34
HsR4Ee3W,1,5,0,14,89,29
HsR4Ee3W,1,6,0,7,224,59
HsR4Ee3W,1,7,0,8,177,10
HsR4Ee3W,1,8,0,13,221,30
HsR4Ee3W,1,9,0,9,224,42
HsR4Ee3W,1,10,0,17,179,55
HsR4Ee3W,1,11,0,0,149,40
HsR4Ee3W,1,12,0,16,149,39
HsR4Ee3W,1,13,0,15,224,15
HsR4Ee3W,1,14,0,1,89,25
HsR4Ee3W,1,15,0,4,120,46
HsR4Ee3W,1,16,0,18,221,35
HsR4Ee3W,1,17,0,19,89,50
HsR4Ee3W,1,18,0,2,219,60
HsR4Ee3W,1,19,0,3,73,12
9xutvSye,3,0,0,16,149,40
9xutvSye,3,1,0,17,179,5
9xutvSye,3,2,0,15,224,67
9xutvSye,3,3,0,1,89,15
9xutvSye,3,4,0,0,149,67
9xutvSye,3,5,0,4,120,57
9xutvSye,3,6,0,2,219,70
9xutvSye,3,7,0,18,221,68
9xutvSye,3,8,0,19,89,30
9xutvSye,3,9,0,3,73,7
9xutvSye,3,10,0,11,149,30
9xutvSye,3,11,0,10,224,68
9xutvSye,3,12,0,5,218,77
9xutvSye,3,13,0,6,179,65
9xutvSye,3,14,0,12,179,13
9xutvSye,3,15,0,14,89,56
9xutvSye,3,16,0,7,224,3
9xutvSye,3,17,0,9,224,70
9xutvSye,3,18,0,13,221,67
9xutvSye,3,19,0,8,177,15
xVIyPW0K,0,0,0,16,149,40
xVIyPW0K,0,1,0,15,224,75
xVIyPW0K,0,2,0,17,179,21
xVIyPW0K,0,3,0,1,89,60
xVIyPW0K,0,4,0,0,149,81
xVIyPW0K,0,5,0,3,73,10
xVIyPW0K,0,6,0,19,89,69
xVIyPW0K,0,7,0,4,120,70
xVIyPW0K,0,8,0,2,219,84
xVIyPW0K,0,9,0,18,221,45
xVIyPW0K,0,10,0,12,179,30
xVIyPW0K,0,11,0,10,224,61
xVIyPW0K,0,12,0,11,149,47
xVIyPW0K,0,13,0,6,179,13
xVIyPW0K,0,14,0,5,218,50
xVIyPW0K,0,15,0,13,221,35
xVIyPW0K,0,16,0,9,224,71
xVIyPW0K,0,17,0,14,89,75
xVIyPW0K,0,18,0,8,177,6
xVIyPW0K,0,19,0,7,224,67
6kvExd9i,0,0,0,18,221,30
6kvExd9i,0,1,0,4,120,30
6kvExd9i,0,2,0,19,89,20
6kvExd9i,0,3,0,2,219,55
6kvExd9i,0,4,0,3,73,15
6kvExd9i,0,5,0,12,179,15
6kvExd9i,0,6,0,10,224,25
6kvExd9i,0,7,0,5,218,15
6kvExd9i,0,8,0,11,149,20
6kvExd9i,0,9,0,6,179,10
6kvExd9i,0,10,0,13,221,25
6kvExd9i,0,11,0,7,224,20
6kvExd9i,0,12,0,8,177,15
6kvExd9i,0,13,0,9,224,40
6kvExd9i,0,14,0,14,89,25
6kvExd9i,0,15,0,0,149,30
6kvExd9i,0,16,0,1,89,25
6kvExd9i,0,17,0,16,149,20
6kvExd9i,0,18,0,17,179,30
6kvExd9i,0,19,0,15,224,25
JiIhncDd,1,0,0,10,224,56
JiIhncDd,1,1,0,6,179,38
JiIhncDd,1,2,0,5,218,15
JiIhncDd,1,3,0,11,149,56
JiIhncDd,1,4,0,12,179,38
JiIhncDd,1,5,0,13,221,12
JiIhncDd,1,6,0,9,224,58
JiIhncDd,1,7,0,7,224,58
JiIhncDd,1,8,0,14,89,68
JiIhncDd,1,9,0,8,177,20
JiIhncDd,1,10,0,1,89,60
JiIhncDd,1,11,0,17,179,68
JiIhncDd,1,12,0,15,224,20
JiIhncDd,1,13,0,0,149,55
JiIhncDd,1,14,0,16,149,56
JiIhncDd,1,15,0,18,221,38
JiIhncDd,1,16,0,4,120,56
JiIhncDd,1,17,0,19,89,68
JiIhncDd,1,18,0,2,219,68
JiIhncDd,1,19,0,3,73,27
lf1noNra,3,0,0,15,224,45
lf1noNra,3,1,0,0,149,55
lf1noNra,3,2,0,17,179,35
lf1noNra,3,3,0,1,89,45
lf1noNra,3,4,0,16,149,25
lf1noNra,3,5,0,13,221,45
lf1noNra,3,6,0,9,224,60
lf1noNra,3,7,0,8,177,34
lf1noNra,3,8,0,14,89,56
lf1noNra,3,9,0,7,224,47
lf1noNra,3,10,0,11,149,37
lf1noNra,3,11,0,10,224,65
lf1noNra,3,12,0,5,218,45
lf1noNra,3,13,0,6,179,56
lf1noNra,3,14,0,12,179,43
lf1noNra,3,15,0,19,89,52
lf1noNra,3,16,0,3,73,25
lf1noNra,3,17,0,18,221,45
lf1noNra,3,18,0,2,219,65
lf1noNra,3,19,0,4,120,32
AbfmSWQ1,0,0,0,19,89,55
AbfmSWQ1,0,1,0,18,221,70
AbfmSWQ1,0,2,0,4,120,40
AbfmSWQ1,0,3,0,2,219,80
AbfmSWQ1,0,4,0,3,73,10
AbfmSWQ1,0,5,0,1,89,50
AbfmSWQ1,0,6,0,15,224,70
AbfmSWQ1,0,7,0,16,149,20
AbfmSWQ1,0,8,0,17,179,10
AbfmSWQ1,0,9,0,0,149,55
AbfmSWQ1,0,10,0,8,177,10
AbfmSWQ1,0,11,0,7,224,60
AbfmSWQ1,0,12,0,14,89,50
AbfmSWQ1,0,13,0,9,224,50
AbfmSWQ1,0,14,0,13,221,50
AbfmSWQ1,0,15,0,10,224,60
AbfmSWQ1,0,16,0,12,179,60
AbfmSWQ1,0,17,0,11,149,40
AbfmSWQ1,0,18,0,6,179,15
AbfmSWQ1,0,19,0,5,218,70
er8edGI8,1,0,0,6,179,22
er8edGI8,1,1,0,12,179,36
er8edGI8,1,2,0,11,149,41
er8edGI8,1,3,0,5,218,58
er8edGI8,1,4,0,10,224,62
er8edGI8,1,5,0,2,219,68
er8edGI8,1,6,0,18,221,20
er8edGI8,1,7,0,3,73,12
er8edGI8,1,8,0,4,120,47
er8edGI8,1,9,0,19,89,36
er8edGI8,1,10,0,0,149,27
er8edGI8,1,11,0,17,179,52
er8edGI8,1,12,0,16,149,27
er8edGI8,1,13,0,15,224,62
er8edGI8,1,14,0,1,89,28
er8edGI8,1,15,0,9,224,40
er8edGI8,1,16,0,13,221,42
er8edGI8,1,17,0,7,224,51
er8edGI8,1,18,0,8,177,37
er8edGI8,1,19,0,14,89,30
EC8usHfI,1,0,0,1,89,30
EC8usHfI,1,1,0,15,224,60
EC8usHfI,1,2,0,17,179,25
EC8usHfI,1,3,0,16,149,48
EC8usHfI,1,4,0,0,149,53
EC8usHfI,1,5,0,7,224,29
EC8usHfI,1,6,0,13,221,65
EC8usHfI,1,7,0,14,89,48
EC8usHfI,1,8,0,8,177,27
EC8usHfI,1,9,0,9,224,770
EC8usHfI,1,10,0,6,179,35
EC8usHfI,1,11,0,12,179,20
EC8usHfI,1,12,0,10,224,35
EC8usHfI,1,13,0,11,149,44
EC8usHfI,1,14,0,5,218,53
EC8usHfI,1,15,0,18,221,55
EC8usHfI,1,16,0,19,89,50
EC8usHfI,1,17,0,4,120,50
EC8usHfI,1,18,0,2,219,65
EC8usHfI,1,19,0,3,73,12
qDTEkUsn,0,0,0,16,149,40
qDTEkUsn,0,1,0,15,224,80
qDTEkUsn,0,2,0,0,149,40
qDTEkUsn,0,3,0,1,89,28
qDTEkUsn,0,4,0,17,179,18
qDTEkUsn,0,5,0,4,120,44
qDTEkUsn,0,6,0,19,89,4
qDTEkUsn,0,7,0,3,73,8
qDTEkUsn,0,8,0,2,219,68
qDTEkUsn,0,9,0,18,221,77
qDTEkUsn,0,10,0,11,149,44
qDTEkUsn,0,11,0,5,218,80
qDTEkUsn,0,12,0,12,179,18
qDTEkUsn,0,13,0,6,179,6
qDTEkUsn,0,14,0,10,224,88
qDTEkUsn,0,15,0,8,177,8
qDTEkUsn,0,16,0,9,224,18
qDTEkUsn,0,17,0,14,89,54
qDTEkUsn,0,18,0,13,221,60
qDTEkUsn,0,19,0,7,224,22
gvvdN3G6,1,0,0,5,218,40
gvvdN3G6,1,1,0,11,149,30
gvvdN3G6,1,2,0,10,224,45
gvvdN3G6,1,3,0,6,179,30
gvvdN3G6,1,4,0,12,179,40
gvvdN3G6,1,5,0,19,89,30
gvvdN3G6,1,6,0,18,221,40
gvvdN3G6,1,7,0,4,120,55
gvvdN3G6,1,8,0,2,219,68
gvvdN3G6,1,9,0,3,73,25
gvvdN3G6,1,10,0,0,149,55
gvvdN3G6,1,11,0,16,149,40
gvvdN3G6,1,12,0,1,89,30
gvvdN3G6,1,13,0,17,179,50
gvvdN3G6,1,14,0,15,224,40
gvvdN3G6,1,15,0,13,221,35
gvvdN3G6,1,16,0,14,89,45
gvvdN3G6,1,17,0,9,224,50
gvvdN3G6,1,18,0,7,224,30
gvvdN3G6,1,19,0,8,177,15
xyDIs5Kd,3,0,0,0,149,45
xyDIs5Kd,3,1,0,17,179,30
xyDIs5Kd,3,2,0,16,149,28
xyDIs5Kd,3,3,0,1,89,70
xyDIs5Kd,3,4,0,15,224,55
xyDIs5Kd,3,5,0,14,89,32
xyDIs5Kd,3,6,0,13,221,68
xyDIs5Kd,3,7,0,9,224,49
xyDIs5Kd,3,8,0,8,177,33
xyDIs5Kd,3,9,0,7,224,49
xyDIs5Kd,3,10,0,10,224,27
xyDIs5Kd,3,11,0,12,179,38
xyDIs5Kd,3,12,0,11,149,28
xyDIs5Kd,3,13,0,5,218,80
xyDIs5Kd,3,14,0,6,179,68
xyDIs5Kd,3,15,0,2,219,89
xyDIs5Kd,3,16,0,3,73,31
xyDIs5Kd,3,17,0,18,221,27
xyDIs5Kd,3,18,0,19,89,46
xyDIs5Kd,3,19,0,4,120,43
XDGvWWK7,2,0,0,0,149,56
XDGvWWK7,2,1,0,17,179,43
XDGvWWK7,2,2,0,15,224,55
XDGvWWK7,2,3,0,16,149,43
XDGvWWK7,2,4,0,1,89,45
XDGvWWK7,2,5,0,19,89,62
XDGvWWK7,2,6,0,2,219,70
XDGvWWK7,2,7,0,4,120,70
XDGvWWK7,2,8,0,18,221,55
XDGvWWK7,2,9,0,3,73,47
XDGvWWK7,2,10,0,5,218,43
XDGvWWK7,2,11,0,11,149,63
XDGvWWK7,2,12,0,10,224,45
XDGvWWK7,2,13,0,6,179,45
XDGvWWK7,2,14,0,12,179,27
XDGvWWK7,2,15,0,9,224,58
XDGvWWK7,2,16,0,8,177,39
XDGvWWK7,2,17,0,7,224,28
XDGvWWK7,2,18,0,14,89,56
XDGvWWK7,2,19,0,13,221,48
D9MnKKI8,3,0,0,15,224,45
D9MnKKI8,3,1,0,16,149,50
D9MnKKI8,3,2,0,0,149,34
D9MnKKI8,3,3,0,1,89,46
D9MnKKI8,3,4,0,17,179,60
D9MnKKI8,3,5,0,7,224,75
D9MnKKI8,3,6,0,13,221,30
D9MnKKI8,3,7,0,8,177,20
D9MnKKI8,3,8,0,9,224,50
D9MnKKI8,3,9,0,14,89,80
D9MnKKI8,3,10,0,12,179,42
D9MnKKI8,3,11,0,10,224,10
D9MnKKI8,3,12,0,6,179,35
D9MnKKI8,3,13,0,11,149,25
D9MnKKI8,3,14,0,5,218,16
D9MnKKI8,3,15,0,18,221,10
D9MnKKI8,3,16,0,2,219,80
D9MnKKI8,3,17,0,4,120,50
D9MnKKI8,3,18,0,19,89,20
D9MnKKI8,3,19,0,3,73,15
Ew6O1wAT,3,0,0,8,177,25
Ew6O1wAT,3,1,0,14,89,40
Ew6O1wAT,3,2,0,9,224,70
Ew6O1wAT,3,3,0,7,224,30
Ew6O1wAT,3,4,0,13,221,40
Ew6O1wAT,3,5,0,6,179,40
Ew6O1wAT,3,6,0,12,179,70
Ew6O1wAT,3,7,0,10,224,77
Ew6O1wAT,3,8,0,11,149,60
Ew6O1wAT,3,9,0,5,218,57
Ew6O1wAT,3,10,0,4,120,70
Ew6O1wAT,3,11,0,18,221,49
Ew6O1wAT,3,12,0,3,73,23
Ew6O1wAT,3,13,0,2,219,80
Ew6O1wAT,3,14,0,19,89,55
Ew6O1wAT,3,15,0,16,149,44
Ew6O1wAT,3,16,0,1,89,67
Ew6O1wAT,3,17,0,17,179,50
Ew6O1wAT,3,18,0,15,224,77
Ew6O1wAT,3,19,0,0,149,64
kko9jTPZ,1,0,0,11,149,45
kko9jTPZ,1,1,0,6,179,55
kko9jTPZ,1,2,0,5,218,5
kko9jTPZ,1,3,0,10,224,60
kko9jTPZ,1,4,0,12,179,6
kko9jTPZ,1,5,0,19,89,55
kko9jTPZ,1,6,0,4,120,45
kko9jTPZ,1,7,0,3,73,15
kko9jTPZ,1,8,0,2,219,55
kko9jTPZ,1,9,0,18,221,55
kko9jTPZ,1,10,0,1,89,30
kko9jTPZ,1,11,0,17,179,40
kko9jTPZ,1,12,0,0,149,50
kko9jTPZ,1,13,0,15,224,45
kko9jTPZ,1,14,0,16,149,66
kko9jTPZ,1,15,0,9,224,66
kko9jTPZ,1,16,0,13,221,25
kko9jTPZ,1,17,0,7,224,5
kko9jTPZ,1,18,0,14,89,45
kko9jTPZ,1,19,0,8,177,7
9kWkXZLF,0,0,0,11,149,70
9kWkXZLF,0,1,0,6,179,20
9kWkXZLF,0,2,0,12,179,27
9kWkXZLF,0,3,0,10,224,69
9kWkXZLF,0,4,0,5,218,45
9kWkXZLF,0,5,0,7,224,7
9kWkXZLF,0,6,0,8,177,12
9kWkXZLF,0,7,0,14,89,55
9kWkXZLF,0,8,0,13,221,37
9kWkXZLF,0,9,0,9,224,16
9kWkXZLF,0,10,0,17,179,40
9kWkXZLF,0,11,0,16,149,31
9kWkXZLF,0,12,0,1,89,28
9kWkXZLF,0,13,0,15,224,29
9kWkXZLF,0,14,0,0,149,60
9kWkXZLF,0,15,0,2,219,79
9kWkXZLF,0,16,0,4,120,35
9kWkXZLF,0,17,0,19,89,43
9kWkXZLF,0,18,0,3,73,1
9kWkXZLF,0,19,0,18,221,25
j2XRoyIu,0,0,0,13,221,42
j2XRoyIu,0,1,0,14,89,43
j2XRoyIu,0,2,0,7,224,27
j2XRoyIu,0,3,0,9,224,44
j2XRoyIu,0,4,0,8,177,3
j2XRoyIu,0,5,0,11,149,45
j2XRoyIu,0,6,0,12,179,56
j2XRoyIu,0,7,0,6,179,45
j2XRoyIu,0,8,0,5,218,61
j2XRoyIu,0,9,0,10,224,61
j2XRoyIu,0,10,0,19,89,65
j2XRoyIu,0,11,0,4,120,54
j2XRoyIu,0,12,0,3,73,3
j2XRoyIu,0,13,0,2,219,81
j2XRoyIu,0,14,0,18,221,4
j2XRoyIu,0,15,0,17,179,71
j2XRoyIu,0,16,0,15,224,77
j2XRoyIu,0,17,0,0,149,64
j2XRoyIu,0,18,0,1,89,61
j2XRoyIu,0,19,0,16,149,88
hVuEOqnz,3,0,0,19,89,27
hVuEOqnz,3,1,0,4,120,40
hVuEOqnz,3,2,0,3,73,14
hVuEOqnz,3,3,0,2,219,90
hVuEOqnz,3,4,0,18,221,49
hVuEOqnz,3,5,0,12,179,50
hVuEOqnz,3,6,0,11,149,30
hVuEOqnz,3,7,0,5,218,50
hVuEOqnz,3,8,0,6,179,50
hVuEOqnz,3,9,0,10,224,50
hVuEOqnz,3,11,0,14,89,50
hVuEOqnz,3,12,0,9,224,80
hVuEOqnz,3,13,0,13,221,50
hVuEOqnz,3,14,0,7,224,50
hVuEOqnz,3,15,0,1,89,50
hVuEOqnz,3,16,0,15,224,50
hVuEOqnz,3,17,0,0,149,80
hVuEOqnz,3,18,0,17,179,50
hVuEOqnz,3,19,0,16,149,20
Fb9rTwTw,0,0,0,10,224,50
Fb9rTwTw,0,1,0,6,179,40
Fb9rTwTw,0,2,0,11,149,45
Fb9rTwTw,0,3,0,12,179,50
Fb9rTwTw,0,4,0,5,218,40
Fb9rTwTw,0,5,0,2,219,67
Fb9rTwTw,0,6,0,4,120,46
Fb9rTwTw,0,7,0,3,73,18
Fb9rTwTw,0,8,0,18,221,50
Fb9rTwTw,0,9,0,19,89,50
Fb9rTwTw,0,10,0,16,149,55
Fb9rTwTw,0,11,0,1,89,45
Fb9rTwTw,0,12,0,15,224,50
Fb9rTwTw,0,13,0,17,179,50
Fb9rTwTw,0,14,0,0,149,65
Fb9rTwTw,0,15,0,13,221,50
Fb9rTwTw,0,16,0,14,89,60
Fb9rTwTw,0,17,0,7,224,40
Fb9rTwTw,0,18,0,9,224,60
Fb9rTwTw,0,19,0,8,177,20
r0YPdwfd,3,0,0,6,179,50
r0YPdwfd,3,1,0,10,224,30
r0YPdwfd,3,2,0,5,218,50
r0YPdwfd,3,3,0,12,179,60
r0YPdwfd,3,4,0,11,149,30
r0YPdwfd,3,5,0,2,219,64
r0YPdwfd,3,6,0,19,89,30
r0YPdwfd,3,7,0,4,120,44
r0YPdwfd,3,8,0,18,221,30
r0YPdwfd,3,9,0,3,73,14
r0YPdwfd,3,10,0,16,149,40
r0YPdwfd,3,11,0,0,149,55
r0YPdwfd,3,12,0,15,224,30
r0YPdwfd,3,13,0,17,179,30
r0YPdwfd,3,14,0,1,89,25
r0YPdwfd,3,15,0,8,177,15
r0YPdwfd,3,16,0,9,224,40
r0YPdwfd,3,17,0,7,224,20
r0YPdwfd,3,18,0,14,89,30
r0YPdwfd,3,19,0,13,221,40
upD8a42C,2,0,0,13,221,34
upD8a42C,2,1,0,7,224,21
upD8a42C,2,2,0,9,224,42
upD8a42C,2,3,0,8,177,21
upD8a42C,2,4,0,14,89,56
upD8a42C,2,5,0,16,149,70
upD8a42C,2,6,0,0,149,48
upD8a42C,2,7,0,1,89,33
upD8a42C,2,8,0,17,179,65
upD8a42C,2,9,0,15,224,36
upD8a42C,2,10,0,4,120,58
upD8a42C,2,11,0,18,221,19
upD8a42C,2,12,0,19,89,83
upD8a42C,2,13,0,3,73,14
upD8a42C,2,14,0,2,219,73
upD8a42C,2,15,0,11,149,41
upD8a42C,2,16,0,6,179,37
upD8a42C,2,17,0,5,218,11
upD8a42C,2,18,0,10,224,28
upD8a42C,2,19,0,12,179,67
Ju1tvB2u,3,0,0,1,89,12
Ju1tvB2u,3,1,0,16,149,24
Ju1tvB2u,3,2,0,15,224,8
Ju1tvB2u,3,3,0,0,149,50
Ju1tvB2u,3,4,0,17,179,12
Ju1tvB2u,3,5,0,18,221,12
Ju1tvB2u,3,6,0,4,120,52
Ju1tvB2u,3,7,0,2,219,75
Ju1tvB2u,3,8,0,3,73,10
Ju1tvB2u,3,9,0,19,89,40
Ju1tvB2u,3,10,0,11,149,65
Ju1tvB2u,3,11,0,6,179,8
Ju1tvB2u,3,12,0,5,218,12
Ju1tvB2u,3,13,0,12,179,30
Ju1tvB2u,3,14,0,10,224,50
Ju1tvB2u,3,15,0,14,89,45
Ju1tvB2u,3,16,0,13,221,50
Ju1tvB2u,3,17,0,7,224,12
Ju1tvB2u,3,18,0,8,177,8
Ju1tvB2u,3,19,0,9,224,45
RksVc4sw,2,0,0,16,149,4
RksVc4sw,2,1,0,17,179,3
RksVc4sw,2,2,0,0,149,6
RksVc4sw,2,3,0,15,224,7
RksVc4sw,2,4,0,1,89,4
RksVc4sw,2,5,0,19,89,0
RksVc4sw,2,6,0,4,120,5
RksVc4sw,2,7,0,2,219,9
RksVc4sw,2,8,0,18,221,5
RksVc4sw,2,9,0,3,73,1
RksVc4sw,2,10,0,11,149,10
RksVc4sw,2,11,0,10,224,7
RksVc4sw,2,12,0,5,218,5
RksVc4sw,2,13,0,12,179,22
RksVc4sw,2,14,0,6,179,15
RksVc4sw,2,15,0,14,89,9
RksVc4sw,2,16,0,13,221,45
RksVc4sw,2,17,0,7,224,13
RksVc4sw,2,18,0,9,224,68
RksVc4sw,2,19,0,8,177,37
4CGNqBe4,1,0,0,17,179,50
4CGNqBe4,1,1,0,1,89,39
4CGNqBe4,1,2,0,0,149,33
4CGNqBe4,1,3,0,15,224,70
4CGNqBe4,1,4,0,16,149,70
4CGNqBe4,1,5,0,3,73,30
4CGNqBe4,1,6,0,4,120,70
4CGNqBe4,1,7,0,19,89,6
4CGNqBe4,1,8,0,18,221,50
4CGNqBe4,1,9,0,2,219,56
4CGNqBe4,1,10,0,5,218,40
4CGNqBe4,1,11,0,10,224,50
4CGNqBe4,1,12,0,11,149,70
4CGNqBe4,1,13,0,12,179,12
4CGNqBe4,1,14,0,6,179,6
4CGNqBe4,1,15,0,7,224,54
4CGNqBe4,1,16,0,14,89,79
4CGNqBe4,1,17,0,9,224,12
4CGNqBe4,1,18,0,8,177,39
4CGNqBe4,1,19,0,13,221,50
8YrMzUDN,3,0,0,4,120,50
8YrMzUDN,3,1,0,3,73,13
8YrMzUDN,3,2,0,19,89,40
8YrMzUDN,3,3,0,18,221,30
8YrMzUDN,3,4,0,2,219,65
8YrMzUDN,3,5,0,5,218,25
8YrMzUDN,3,6,0,6,179,6
8YrMzUDN,3,7,0,11,149,40
8YrMzUDN,3,8,0,12,179,40
8YrMzUDN,3,9,0,10,224,30
8YrMzUDN,3,10,0,14,89,50
8YrMzUDN,3,11,0,13,221,25
8YrMzUDN,3,12,0,8,177,12
8YrMzUDN,3,13,0,7,224,40
8YrMzUDN,3,14,0,9,224,48
8YrMzUDN,3,15,0,0,149,55
8YrMzUDN,3,16,0,1,89,25
8YrMzUDN,3,17,0,15,224,55
8YrMzUDN,3,18,0,17,179,45
8YrMzUDN,3,19,0,16,149,48
rzbdtmuF,1,0,0,0,149,50
rzbdtmuF,1,1,0,1,89,35
rzbdtmuF,1,2,0,17,179,50
rzbdtmuF,1,3,0,15,224,50
rzbdtmuF,1,4,0,16,149,48
rzbdtmuF,1,5,0,3,73,10
rzbdtmuF,1,6,0,18,221,60
rzbdtmuF,1,7,0,4,120,44
rzbdtmuF,1,8,0,2,219,68
rzbdtmuF,1,9,0,19,89,42
rzbdtmuF,1,10,0,10,224,50
rzbdtmuF,1,11,0,12,179,70
rzbdtmuF,1,12,0,6,179,33
rzbdtmuF,1,13,0,11,149,77
rzbdtmuF,1,14,0,5,218,50
rzbdtmuF,1,15,0,9,224,81
rzbdtmuF,1,16,0,14,89,70
rzbdtmuF,1,17,0,13,221,44
rzbdtmuF,1,18,0,8,177,9
rzbdtmuF,1,19,0,7,224,33
UpoaPxVO,2,0,0,5,218,2
UpoaPxVO,2,1,0,12,179,3
UpoaPxVO,2,2,0,11,149,3
UpoaPxVO,2,3,0,10,224,5
UpoaPxVO,2,4,0,6,179,0
UpoaPxVO,2,5,0,13,221,0
UpoaPxVO,2,6,0,8,177,3
UpoaPxVO,2,7,0,14,89,3
UpoaPxVO,2,8,0,7,224,0
UpoaPxVO,2,9,0,9,224,5
UpoaPxVO,2,10,0,16,149,1
UpoaPxVO,2,11,0,1,89,1
UpoaPxVO,2,12,0,0,149,2
UpoaPxVO,2,13,0,17,179,0
UpoaPxVO,2,14,0,15,224,1
UpoaPxVO,2,15,0,2,219,3
UpoaPxVO,2,16,0,19,89,0
UpoaPxVO,2,17,0,18,221,1
UpoaPxVO,2,18,0,3,73,0
UpoaPxVO,2,19,0,4,120,2
G1gPtpqw,1,0,0,4,120,52
G1gPtpqw,1,1,0,2,219,73
G1gPtpqw,1,2,0,3,73,10
G1gPtpqw,1,3,0,18,221,14
G1gPtpqw,1,4,0,19,89,52
G1gPtpqw,1,5,0,15,224,50
G1gPtpqw,1,6,0,0,149,60
G1gPtpqw,1,7,0,16,149,62
G1gPtpqw,1,8,0,17,179,40
G1gPtpqw,1,9,0,1,89,42
G1gPtpqw,1,10,0,13,221,26
G1gPtpqw,1,11,0,8,177,10
G1gPtpqw,1,12,0,7,224,14
G1gPtpqw,1,13,0,9,224,72
G1gPtpqw,1,14,0,14,89,44
G1gPtpqw,1,15,0,12,179,30
G1gPtpqw,1,16,0,10,224,25
G1gPtpqw,1,17,0,11,149,50
G1gPtpqw,1,18,0,5,218,24
G1gPtpqw,1,19,0,6,179,40
jJ87o7cz,1,0,0,11,149,60
jJ87o7cz,1,1,0,5,218,50
jJ87o7cz,1,2,0,10,224,40
jJ87o7cz,1,3,0,12,179,70
jJ87o7cz,1,4,0,6,179,38
jJ87o7cz,1,5,0,13,221,48
jJ87o7cz,1,6,0,9,224,69
jJ87o7cz,1,7,0,7,224,50
jJ87o7cz,1,8,0,14,89,60
jJ87o7cz,1,9,0,8,177,25
jJ87o7cz,1,10,0,1,89,50
jJ87o7cz,1,11,0,17,179,39
jJ87o7cz,1,12,0,16,149,56
jJ87o7cz,1,13,0,15,224,49
jJ87o7cz,1,14,0,0,149,71
jJ87o7cz,1,15,0,4,120,62
jJ87o7cz,1,16,0,3,73,19
jJ87o7cz,1,17,0,2,219,65
jJ87o7cz,1,18,0,18,221,32
jJ87o7cz,1,19,0,19,89,55
p3IFqVNU,0,0,0,16,149,40
p3IFqVNU,0,1,0,15,224,30
p3IFqVNU,0,2,0,1,89,40
p3IFqVNU,0,3,0,0,149,50
p3IFqVNU,0,4,0,17,179,20
p3IFqVNU,0,5,0,2,219,60
p3IFqVNU,0,6,0,18,221,25
p3IFqVNU,0,7,0,3,73,6
p3IFqVNU,0,8,0,19,89,45
p3IFqVNU,0,9,0,4,120,55
p3IFqVNU,0,10,0,6,179,25
p3IFqVNU,0,11,0,5,218,30
p3IFqVNU,0,12,0,11,149,40
p3IFqVNU,0,13,0,12,179,20
p3IFqVNU,0,14,0,10,224,30
p3IFqVNU,0,15,0,8,177,10
p3IFqVNU,0,16,0,7,224,10
p3IFqVNU,0,17,0,14,89,45
p3IFqVNU,0,18,0,9,224,40
p3IFqVNU,0,19,0,13,221,20
QHEr9xVf,0,0,0,10,224,10
QHEr9xVf,0,1,0,11,149,8
QHEr9xVf,0,2,0,6,179,7
QHEr9xVf,0,3,0,12,179,10
QHEr9xVf,0,4,0,5,218,14
QHEr9xVf,0,5,0,9,224,13
QHEr9xVf,0,6,0,8,177,2
QHEr9xVf,0,7,0,14,89,12
QHEr9xVf,0,8,0,7,224,5
QHEr9xVf,0,9,0,13,221,15
QHEr9xVf,0,10,0,16,149,10
QHEr9xVf,0,11,0,0,149,12
QHEr9xVf,0,12,0,15,224,15
QHEr9xVf,0,13,0,1,89,10
QHEr9xVf,0,14,0,17,179,10
QHEr9xVf,0,15,0,4,120,9
QHEr9xVf,0,16,0,19,89,8
QHEr9xVf,0,17,0,3,73,6
QHEr9xVf,0,18,0,18,221,8
QHEr9xVf,0,19,0,2,219,10
fxpB9QGa,1,0,0,14,89,56
fxpB9QGa,1,1,0,13,221,50
fxpB9QGa,1,2,0,8,177,15
fxpB9QGa,1,3,0,9,224,72
fxpB9QGa,1,4,0,7,224,82
fxpB9QGa,1,5,0,17,179,32
fxpB9QGa,1,6,0,0,149,72
fxpB9QGa,1,7,0,16,149,65
fxpB9QGa,1,8,0,1,89,32
fxpB9QGa,1,9,0,15,224,69
fxpB9QGa,1,10,0,4,120,78
fxpB9QGa,1,11,0,2,219,85
fxpB9QGa,1,12,0,18,221,32
fxpB9QGa,1,13,0,3,73,15
fxpB9QGa,1,14,0,19,89,45
fxpB9QGa,1,15,0,5,218,55
fxpB9QGa,1,16,0,10,224,70
fxpB9QGa,1,17,0,6,179,35
fxpB9QGa,1,18,0,11,149,66
fxpB9QGa,1,19,0,12,179,63
Escq2lHO,3,0,0,12,179,24
Escq2lHO,3,1,0,5,218,15
Escq2lHO,3,2,0,10,224,16
Escq2lHO,3,3,0,6,179,16
Escq2lHO,3,4,0,11,149,80
Escq2lHO,3,5,0,3,73,18
Escq2lHO,3,6,0,18,221,81
Escq2lHO,3,7,0,19,89,80
Escq2lHO,3,8,0,2,219,76
Escq2lHO,3,9,0,4,120,55
Escq2lHO,3,10,0,16,149,70
Escq2lHO,3,11,0,17,179,80
Escq2lHO,3,12,0,1,89,66
Escq2lHO,3,13,0,15,224,45
Escq2lHO,3,14,0,0,149,56
Escq2lHO,3,15,0,7,224,78
Escq2lHO,3,16,0,8,177,23
Escq2lHO,3,17,0,13,221,43
Escq2lHO,3,18,0,9,224,70
Escq2lHO,3,19,0,14,89,66
zE39uz5y,2,0,0,0,149,54
zE39uz5y,2,1,0,17,179,30
zE39uz5y,2,2,0,16,149,70
zE39uz5y,2,3,0,15,224,60
zE39uz5y,2,4,0,1,89,35
zE39uz5y,2,5,0,3,73,10
zE39uz5y,2,6,0,4,120,79
zE39uz5y,2,7,0,19,89,45
zE39uz5y,2,8,0,18,221,40
zE39uz5y,2,9,0,2,219,60
zE39uz5y,2,10,0,12,179,50
zE39uz5y,2,11,0,5,218,60
zE39uz5y,2,12,0,10,224,40
zE39uz5y,2,13,0,6,179,50
zE39uz5y,2,14,0,11,149,68
zE39uz5y,2,15,0,9,224,80
zE39uz5y,2,16,0,8,177,20
zE39uz5y,2,17,0,7,224,30
zE39uz5y,2,18,0,14,89,50
zE39uz5y,2,19,0,13,221,50
yrPD43ry,0,0,0,7,224,30
yrPD43ry,0,1,0,13,221,40
yrPD43ry,0,2,0,14,89,50
yrPD43ry,0,3,0,9,224,47
yrPD43ry,0,4,0,8,177,7
yrPD43ry,0,5,0,17,179,15
yrPD43ry,0,6,0,0,149,56
yrPD43ry,0,7,0,1,89,36
yrPD43ry,0,8,0,16,149,72
yrPD43ry,0,9,0,15,224,40
yrPD43ry,0,10,0,3,73,10
yrPD43ry,0,11,0,4,120,53
yrPD43ry,0,12,0,18,221,40
yrPD43ry,0,13,0,19,89,40
yrPD43ry,0,14,0,2,219,65
yrPD43ry,0,15,0,12,179,40
yrPD43ry,0,16,0,6,179,50
yrPD43ry,0,17,0,5,218,40
yrPD43ry,0,18,0,10,224,30
yrPD43ry,0,19,0,11,149,60
705wkeDA,0,0,0,16,149,15
705wkeDA,0,1,0,17,179,56
705wkeDA,0,2,0,1,89,30
705wkeDA,0,3,0,15,224,45
705wkeDA,0,4,0,0,149,56
705wkeDA,0,5,0,4,120,30
705wkeDA,0,6,0,18,221,80
705wkeDA,0,7,0,3,73,10
705wkeDA,0,8,0,2,219,74
705wkeDA,0,9,0,19,89,30
705wkeDA,0,10,0,12,179,23
705wkeDA,0,11,0,11,149,70
705wkeDA,0,12,0,5,218,80
705wkeDA,0,13,0,6,179,35
705wkeDA,0,14,0,10,224,15
705wkeDA,0,15,0,14,89,55
705wkeDA,0,16,0,7,224,30
705wkeDA,0,17,0,9,224,45
705wkeDA,0,18,0,8,177,25
705wkeDA,0,19,0,13,221,55
OOymyGn2,1,0,0,4,120,3
OOymyGn2,1,1,0,19,89,7
OOymyGn2,1,2,0,3,73,12
OOymyGn2,1,3,0,2,219,2
OOymyGn2,1,4,0,18,221,17
OOymyGn2,1,5,0,16,149,0
OOymyGn2,1,6,0,15,224,0
OOymyGn2,1,7,0,1,89,12
OOymyGn2,1,8,0,17,179,3
OOymyGn2,1,9,0,0,149,15
OOymyGn2,1,10,0,13,221,2
OOymyGn2,1,11,0,9,224,17
OOymyGn2,1,12,0,7,224,0
OOymyGn2,1,13,0,8,177,5
OOymyGn2,1,14,0,14,89,7
OOymyGn2,1,15,0,12,179,0
OOymyGn2,1,16,0,11,149,4
OOymyGn2,1,17,0,10,224,0
OOymyGn2,1,18,0,6,179,4
OOymyGn2,1,19,0,5,218,7
2Af8uEr0,2,0,0,8,177,11
2Af8uEr0,2,1,0,9,224,14
2Af8uEr0,2,2,0,13,221,14
2Af8uEr0,2,3,0,7,224,14
2Af8uEr0,2,4,0,14,89,5
2Af8uEr0,2,5,0,10,224,14
2Af8uEr0,2,6,0,6,179,11
2Af8uEr0,2,7,0,5,218,14
2Af8uEr0,2,8,0,12,179,11
2Af8uEr0,2,9,0,11,149,9
2Af8uEr0,2,10,0,3,73,4
2Af8uEr0,2,11,0,19,89,5
2Af8uEr0,2,12,0,2,219,14
2Af8uEr0,2,13,0,4,120,8
2Af8uEr0,2,14,0,18,221,14
2Af8uEr0,2,15,0,0,149,9
2Af8uEr0,2,16,0,16,149,9
2Af8uEr0,2,17,0,1,89,5
2Af8uEr0,2,18,0,15,224,14
2Af8uEr0,2,19,0,17,179,11
kYegPxzi,2,0,0,19,89,30
kYegPxzi,2,1,0,4,120,48
kYegPxzi,2,2,0,18,221,70
kYegPxzi,2,3,0,3,73,20
kYegPxzi,2,4,0,2,219,80
kYegPxzi,2,5,0,15,224,54
kYegPxzi,2,6,0,0,149,38
kYegPxzi,2,7,0,1,89,64
kYegPxzi,2,8,0,17,179,55
kYegPxzi,2,9,0,16,149,38
kYegPxzi,2,10,0,7,224,10
kYegPxzi,2,11,0,8,177,10
kYegPxzi,2,12,0,9,224,70
kYegPxzi,2,13,0,14,89,55
kYegPxzi,2,14,0,13,221,48
kYegPxzi,2,15,0,10,224,38
kYegPxzi,2,16,0,6,179,60
kYegPxzi,2,17,0,12,179,71
kYegPxzi,2,18,0,5,218,67
kYegPxzi,2,19,0,11,149,36
bnUiwcOc,1,0,0,2,219,50
bnUiwcOc,1,1,0,18,221,30
bnUiwcOc,1,2,0,3,73,20
bnUiwcOc,1,3,0,19,89,40
bnUiwcOc,1,4,0,4,120,30
bnUiwcOc,1,5,0,0,149,40
bnUiwcOc,1,6,0,15,224,30
bnUiwcOc,1,7,0,1,89,30
bnUiwcOc,1,8,0,16,149,60
bnUiwcOc,1,9,0,17,179,10
bnUiwcOc,1,10,0,9,224,80
bnUiwcOc,1,11,0,14,89,40
bnUiwcOc,1,12,0,8,177,20
bnUiwcOc,1,13,0,7,224,30
bnUiwcOc,1,14,0,13,221,50
bnUiwcOc,1,15,0,6,179,30
bnUiwcOc,1,16,0,5,218,40
bnUiwcOc,1,17,0,12,179,20
bnUiwcOc,1,18,0,10,224,30
bnUiwcOc,1,19,0,11,149,40
54g1OevZ,2,0,0,12,179,47
54g1OevZ,2,1,0,10,224,56
54g1OevZ,2,2,0,11,149,58
54g1OevZ,2,3,0,5,218,22
54g1OevZ,2,4,0,6,179,46
54g1OevZ,2,5,0,19,89,65
54g1OevZ,2,6,0,2,219,80
54g1OevZ,2,7,0,18,221,47
54g1OevZ,2,8,0,3,73,30
54g1OevZ,2,9,0,4,120,51
54g1OevZ,2,10,0,1,89,60
54g1OevZ,2,11,0,16,149,56
54g1OevZ,2,12,0,15,224,30
54g1OevZ,2,13,0,0,149,70
54g1OevZ,2,14,0,17,179,47
54g1OevZ,2,15,0,13,221,26
54g1OevZ,2,16,0,8,177,24
54g1OevZ,2,17,0,7,224,20
54g1OevZ,2,18,0,14,89,68
54g1OevZ,2,19,0,9,224,59
pKIXxVyK,2,0,0,3,73,60
pKIXxVyK,2,1,0,2,219,70
pKIXxVyK,2,2,0,18,221,50
pKIXxVyK,2,3,0,19,89,70
pKIXxVyK,2,4,0,4,120,50
pKIXxVyK,2,5,0,17,179,48
pKIXxVyK,2,6,0,0,149,60
pKIXxVyK,2,7,0,1,89,26
pKIXxVyK,2,8,0,15,224,70
pKIXxVyK,2,9,0,16,149,47
pKIXxVyK,2,10,0,7,224,12
pKIXxVyK,2,11,0,8,177,21
pKIXxVyK,2,12,0,14,89,53
pKIXxVyK,2,13,0,9,224,44
pKIXxVyK,2,14,0,13,221,59
pKIXxVyK,2,15,0,6,179,12
pKIXxVyK,2,16,0,5,218,28
pKIXxVyK,2,17,0,11,149,44
pKIXxVyK,2,18,0,10,224,50
pKIXxVyK,2,19,0,12,179,29
g2I15yhb,1,0,0,1,89,52
g2I15yhb,1,1,0,16,149,44
g2I15yhb,1,2,0,17,179,23
g2I15yhb,1,3,0,0,149,47
g2I15yhb,1,4,0,15,224,42
g2I15yhb,1,5,0,3,73,18
g2I15yhb,1,6,0,18,221,36
g2I15yhb,1,7,0,19,89,55
g2I15yhb,1,8,0,4,120,45
g2I15yhb,1,9,0,2,219,62
g2I15yhb,1,10,0,11,149,68
g2I15yhb,1,11,0,10,224,43
g2I15yhb,1,12,0,5,218,45
g2I15yhb,1,13,0,6,179,32
g2I15yhb,1,14,0,12,179,40
g2I15yhb,1,15,0,7,224,20
g2I15yhb,1,16,0,14,89,30
g2I15yhb,1,17,0,13,221,14
g2I15yhb,1,18,0,8,177,8
g2I15yhb,1,19,0,9,224,45
46fgW7fZ,0,0,0,13,221,50
46fgW7fZ,0,1,0,7,224,71
46fgW7fZ,0,2,0,14,89,60
46fgW7fZ,0,3,0,8,177,20
46fgW7fZ,0,4,0,9,224,54
46fgW7fZ,0,5,0,5,218,43
46fgW7fZ,0,6,0,11,149,61
46fgW7fZ,0,7,0,10,224,29
46fgW7fZ,0,8,0,12,179,56
46fgW7fZ,0,9,0,6,179,46
46fgW7fZ,0,10,0,4,120,75
46fgW7fZ,0,11,0,3,73,11
46fgW7fZ,0,12,0,18,221,25
46fgW7fZ,0,13,0,2,219,57
46fgW7fZ,0,14,0,19,89,46
46fgW7fZ,0,15,0,17,179,64
46fgW7fZ,0,16,0,0,149,45
46fgW7fZ,0,17,0,15,224,34
46fgW7fZ,0,18,0,1,89,48
46fgW7fZ,0,19,0,16,149,34
ShVrhSbF,0,0,0,2,219,65
ShVrhSbF,0,1,0,19,89,44
ShVrhSbF,0,2,0,18,221,62
ShVrhSbF,0,3,0,3,73,12
ShVrhSbF,0,4,0,4,120,80
ShVrhSbF,0,5,0,17,179,22
ShVrhSbF,0,6,0,16,149,68
ShVrhSbF,0,7,0,1,89,55
ShVrhSbF,0,8,0,15,224,78
ShVrhSbF,0,9,0,0,149,82
ShVrhSbF,0,10,0,14,89,56
ShVrhSbF,0,11,0,9,224,75
ShVrhSbF,0,12,0,13,221,68
ShVrhSbF,0,13,0,8,177,25
ShVrhSbF,0,14,0,7,224,44
ShVrhSbF,0,15,0,6,179,57
ShVrhSbF,0,16,0,5,218,80
ShVrhSbF,0,17,0,10,224,52
ShVrhSbF,0,18,0,12,179,20
ShVrhSbF,0,19,0,11,149,78
6MFXfbuX,3,0,0,19,89,35
6MFXfbuX,3,1,0,3,73,6
6MFXfbuX,3,2,0,4,120,77
6MFXfbuX,3,3,0,18,221,54
6MFXfbuX,3,4,0,2,219,80
6MFXfbuX,3,5,0,15,224,50
6MFXfbuX,3,6,0,17,179,16
6MFXfbuX,3,7,0,16,149,66
6MFXfbuX,3,8,0,1,89,2
6MFXfbuX,3,9,0,0,149,77
6MFXfbuX,3,10,0,14,89,50
6MFXfbuX,3,11,0,13,221,50
6MFXfbuX,3,12,0,7,224,26
6MFXfbuX,3,13,0,9,224,70
6MFXfbuX,3,14,0,8,177,1
6MFXfbuX,3,15,0,11,149,66
6MFXfbuX,3,16,0,5,218,45
6MFXfbuX,3,17,0,10,224,44
6MFXfbuX,3,18,0,6,179,60
6MFXfbuX,3,19,0,12,179,5
kzlFEtU5,3,0,0,16,149,42
kzlFEtU5,3,1,0,1,89,60
kzlFEtU5,3,2,0,17,179,43
kzlFEtU5,3,3,0,0,149,80
kzlFEtU5,3,4,0,15,224,55
kzlFEtU5,3,5,0,19,89,55
kzlFEtU5,3,6,0,2,219,71
kzlFEtU5,3,7,0,18,221,39
kzlFEtU5,3,8,0,4,120,59
kzlFEtU5,3,9,0,3,73,10
kzlFEtU5,3,10,0,11,149,60
kzlFEtU5,3,11,0,5,218,25
kzlFEtU5,3,12,0,6,179,25
kzlFEtU5,3,13,0,10,224,25
kzlFEtU5,3,14,0,12,179,20
kzlFEtU5,3,15,0,9,224,62
kzlFEtU5,3,16,0,7,224,20
kzlFEtU5,3,17,0,14,89,67
kzlFEtU5,3,18,0,8,177,4
kzlFEtU5,3,19,0,13,221,19
PqMau9qB,3,0,0,1,89,60
PqMau9qB,3,1,0,0,149,72
PqMau9qB,3,2,0,16,149,45
PqMau9qB,3,3,0,17,179,32
PqMau9qB,3,4,0,15,224,89
PqMau9qB,3,5,0,8,177,21
PqMau9qB,3,6,0,9,224,87
PqMau9qB,3,7,0,7,224,56
PqMau9qB,3,8,0,13,221,97
PqMau9qB,3,9,0,14,89,67
PqMau9qB,3,10,0,10,224,48
PqMau9qB,3,11,0,12,179,76
PqMau9qB,3,12,0,6,179,56
PqMau9qB,3,13,0,5,218,87
PqMau9qB,3,14,0,11,149,65
PqMau9qB,3,15,0,2,219,82
PqMau9qB,3,16,0,4,120,74
PqMau9qB,3,17,0,19,89,83
PqMau9qB,3,18,0,18,221,33
PqMau9qB,3,19,0,3,73,10
zOoyPFJS,0,0,0,7,224,30
zOoyPFJS,0,1,0,8,177,5
zOoyPFJS,0,2,0,14,89,50
zOoyPFJS,0,3,0,13,221,40
zOoyPFJS,0,4,0,9,224,45
zOoyPFJS,0,5,0,0,149,80
zOoyPFJS,0,6,0,15,224,25
zOoyPFJS,0,7,0,16,149,20
zOoyPFJS,0,8,0,17,179,13
zOoyPFJS,0,9,0,1,89,45
zOoyPFJS,0,10,0,19,89,20
zOoyPFJS,0,11,0,4,120,75
zOoyPFJS,0,12,0,2,219,80
zOoyPFJS,0,13,0,18,221,15
zOoyPFJS,0,14,0,3,73,5
zOoyPFJS,0,15,0,12,179,20
zOoyPFJS,0,16,0,10,224,25
zOoyPFJS,0,17,0,6,179,15
zOoyPFJS,0,18,0,5,218,20
zOoyPFJS,0,19,0,11,149,70
D31X1l9U,2,0,0,14,89,23
D31X1l9U,2,1,0,9,224,55
D31X1l9U,2,2,0,7,224,33
D31X1l9U,2,3,0,13,221,66
D31X1l9U,2,4,0,8,177,11
D31X1l9U,2,5,0,6,179,26
D31X1l9U,2,6,0,12,179,33
D31X1l9U,2,7,0,5,218,43
D31X1l9U,2,8,0,10,224,55
D31X1l9U,2,9,0,11,149,28
D31X1l9U,2,10,0,19,89,34
D31X1l9U,2,11,0,3,73,3
D31X1l9U,2,12,0,18,221,55
D31X1l9U,2,13,0,4,120,46
D31X1l9U,2,14,0,2,219,67
D31X1l9U,2,15,0,16,149,34
D31X1l9U,2,16,0,17,179,26
D31X1l9U,2,17,0,1,89,34
D31X1l9U,2,18,0,15,224,66
D31X1l9U,2,19,0,0,149,54
kItuL1Hm,1,0,0,16,149,15
kItuL1Hm,1,1,0,1,89,60
kItuL1Hm,1,2,0,0,149,51
kItuL1Hm,1,3,0,15,224,80
kItuL1Hm,1,4,0,17,179,10
kItuL1Hm,1,5,0,7,224,5
kItuL1Hm,1,6,0,9,224,53
kItuL1Hm,1,7,0,13,221,60
kItuL1Hm,1,8,0,14,89,26
kItuL1Hm,1,9,0,8,177,30
kItuL1Hm,1,10,0,5,218,80
kItuL1Hm,1,11,0,10,224,65
kItuL1Hm,1,12,0,11,149,70
kItuL1Hm,1,13,0,6,179,25
kItuL1Hm,1,14,0,12,179,15
kItuL1Hm,1,15,0,4,120,50
kItuL1Hm,1,16,0,2,219,60
kItuL1Hm,1,17,0,3,73,15
kItuL1Hm,1,18,0,19,89,45
kItuL1Hm,1,19,0,18,221,45
AqqqOGhf,3,0,0,16,149,45
AqqqOGhf,3,1,0,1,89,35
AqqqOGhf,3,2,0,15,224,70
AqqqOGhf,3,3,0,17,179,42
AqqqOGhf,3,4,0,0,149,71
AqqqOGhf,3,5,0,7,224,20
AqqqOGhf,3,6,0,14,89,52
AqqqOGhf,3,7,0,8,177,10
AqqqOGhf,3,8,0,9,224,55
AqqqOGhf,3,9,0,13,221,40
AqqqOGhf,3,10,0,6,179,40
AqqqOGhf,3,11,0,5,218,35
AqqqOGhf,3,12,0,10,224,50
AqqqOGhf,3,13,0,11,149,40
AqqqOGhf,3,14,0,12,179,50
AqqqOGhf,3,15,0,3,73,10
AqqqOGhf,3,16,0,4,120,80
AqqqOGhf,3,17,0,2,219,85
AqqqOGhf,3,18,0,19,89,35
AqqqOGhf,3,19,0,18,221,50
7lOMNkri,3,0,0,8,177,17
7lOMNkri,3,1,0,14,89,35
7lOMNkri,3,2,0,9,224,42
7lOMNkri,3,3,0,13,221,25
7lOMNkri,3,4,0,7,224,20
7lOMNkri,3,5,0,17,179,20
7lOMNkri,3,6,0,15,224,25
7lOMNkri,3,7,0,16,149,30
7lOMNkri,3,8,0,1,89,20
7lOMNkri,3,9,0,0,149,40
7lOMNkri,3,10,0,19,89,40
7lOMNkri,3,11,0,2,219,60
7lOMNkri,3,12,0,18,221,15
7lOMNkri,3,13,0,3,73,8
7lOMNkri,3,14,0,4,120,45
7lOMNkri,3,15,0,10,224,15
7lOMNkri,3,16,0,5,218,15
7lOMNkri,3,17,0,11,149,35
7lOMNkri,3,18,0,6,179,20
7lOMNkri,3,19,0,12,179,20
ev8w6EgH,3,0,0,4,120,40
ev8w6EgH,3,1,0,2,219,66
ev8w6EgH,3,2,0,18,221,30
ev8w6EgH,3,3,0,19,89,55
ev8w6EgH,3,4,0,3,73,12
ev8w6EgH,3,5,0,17,179,40
ev8w6EgH,3,6,0,16,149,30
ev8w6EgH,3,7,0,0,149,55
ev8w6EgH,3,8,0,15,224,40
ev8w6EgH,3,9,0,1,89,23
ev8w6EgH,3,10,0,8,177,3
ev8w6EgH,3,11,0,9,224,40
ev8w6EgH,3,12,0,14,89,44
ev8w6EgH,3,13,0,7,224,40
ev8w6EgH,3,14,0,13,221,12
ev8w6EgH,3,15,0,11,149,33
ev8w6EgH,3,16,0,6,179,11
ev8w6EgH,3,17,0,10,224,30
ev8w6EgH,3,18,0,12,179,20
ev8w6EgH,3,19,0,5,218,22
yYC53qQ1,2,0,0,5,218,50
yYC53qQ1,2,1,0,11,149,60
yYC53qQ1,2,2,0,10,224,40
yYC53qQ1,2,3,0,6,179,65
yYC53qQ1,2,4,0,12,179,45
yYC53qQ1,2,5,0,4,120,75
yYC53qQ1,2,6,0,3,73,25
yYC53qQ1,2,7,0,18,221,40
yYC53qQ1,2,8,0,19,89,66
yYC53qQ1,2,9,0,2,219,80
yYC53qQ1,2,10,0,15,224,50
yYC53qQ1,2,11,0,1,89,60
yYC53qQ1,2,12,0,16,149,45
yYC53qQ1,2,13,0,17,179,62
yYC53qQ1,2,14,0,0,149,71
yYC53qQ1,2,15,0,7,224,85
yYC53qQ1,2,16,0,13,221,40
yYC53qQ1,2,17,0,14,89,80
yYC53qQ1,2,18,0,8,177,10
yYC53qQ1,2,19,0,9,224,60
KzSbGaza,1,0,0,5,218,17
KzSbGaza,1,1,0,10,224,56
KzSbGaza,1,2,0,11,149,43
KzSbGaza,1,3,0,12,179,32
KzSbGaza,1,4,0,6,179,19
KzSbGaza,1,5,0,4,120,34
KzSbGaza,1,6,0,19,89,14
KzSbGaza,1,7,0,3,73,11
KzSbGaza,1,8,0,18,221,1
KzSbGaza,1,9,0,2,219,21
KzSbGaza,1,10,0,15,224,12
KzSbGaza,1,11,0,16,149,23
KzSbGaza,1,12,0,1,89,5
KzSbGaza,1,13,0,17,179,14
KzSbGaza,1,14,0,0,149,54
KzSbGaza,1,15,0,8,177,5
KzSbGaza,1,16,0,9,224,32
KzSbGaza,1,17,0,13,221,21
KzSbGaza,1,18,0,7,224,21
KzSbGaza,1,19,0,14,89,15
65niyo6P,0,0,0,13,221,55
65niyo6P,0,1,0,7,224,20
65niyo6P,0,2,0,9,224,50
65niyo6P,0,3,0,8,177,55
65niyo6P,0,4,0,14,89,44
65niyo6P,0,5,0,10,224,50
65niyo6P,0,6,0,12,179,30
65niyo6P,0,7,0,5,218,54
65niyo6P,0,8,0,11,149,65
65niyo6P,0,9,0,6,179,8
65niyo6P,0,10,0,4,120,70
65niyo6P,0,11,0,3,73,25
65niyo6P,0,12,0,19,89,40
65niyo6P,0,13,0,18,221,40
65niyo6P,0,14,0,2,219,70
65niyo6P,0,15,0,17,179,5
65niyo6P,0,16,0,16,149,50
65niyo6P,0,17,0,1,89,60
65niyo6P,0,18,0,15,224,50
65niyo6P,0,19,0,0,149,55
f0SVCK3v,3,0,0,2,219,60
f0SVCK3v,3,1,0,19,89,40
f0SVCK3v,3,2,0,3,73,14
f0SVCK3v,3,3,0,18,221,65
f0SVCK3v,3,4,0,4,120,55
f0SVCK3v,3,5,0,17,179,30
f0SVCK3v,3,6,0,1,89,80
f0SVCK3v,3,7,0,0,149,74
f0SVCK3v,3,8,0,15,224,60
f0SVCK3v,3,9,0,16,149,45
f0SVCK3v,3,10,0,14,89,60
f0SVCK3v,3,11,0,9,224,80
f0SVCK3v,3,12,0,13,221,40
f0SVCK3v,3,13,0,7,224,30
f0SVCK3v,3,14,0,8,177,10
f0SVCK3v,3,15,0,12,179,20
f0SVCK3v,3,16,0,5,218,56
f0SVCK3v,3,17,0,10,224,44
f0SVCK3v,3,18,0,6,179,38
f0SVCK3v,3,19,0,11,149,78
3lBCAuYe,0,0,0,11,149,16
3lBCAuYe,0,1,0,5,218,10
3lBCAuYe,0,2,0,6,179,50
3lBCAuYe,0,3,0,12,179,25
3lBCAuYe,0,4,0,10,224,30
3lBCAuYe,0,5,0,2,219,65
3lBCAuYe,0,6,0,18,221,56
3lBCAuYe,0,7,0,4,120,30
3lBCAuYe,0,8,0,3,73,25
3lBCAuYe,0,9,0,19,89,40
3lBCAuYe,0,10,0,15,224,30
3lBCAuYe,0,11,0,17,179,50
3lBCAuYe,0,12,0,16,149,35
3lBCAuYe,0,13,0,0,149,60
3lBCAuYe,0,14,0,1,89,30
3lBCAuYe,0,15,0,13,221,45
3lBCAuYe,0,16,0,9,224,35
3lBCAuYe,0,17,0,7,224,50
3lBCAuYe,0,18,0,14,89,50
3lBCAuYe,0,19,0,8,177,16
pkz0jFOg,2,0,0,16,149,70
pkz0jFOg,2,1,0,0,149,70
pkz0jFOg,2,2,0,17,179,34
pkz0jFOg,2,3,0,1,89,67
pkz0jFOg,2,4,0,15,224,76
pkz0jFOg,2,5,0,7,224,34
pkz0jFOg,2,6,0,14,89,20
pkz0jFOg,2,7,0,9,224,68
pkz0jFOg,2,8,0,13,221,32
pkz0jFOg,2,9,0,8,177,7
pkz0jFOg,2,10,0,6,179,56
pkz0jFOg,2,11,0,11,149,67
pkz0jFOg,2,12,0,5,218,5
pkz0jFOg,2,13,0,12,179,40
pkz0jFOg,2,14,0,10,224,50
pkz0jFOg,2,15,0,18,221,39
pkz0jFOg,2,16,0,2,219,79
pkz0jFOg,2,17,0,19,89,69
pkz0jFOg,2,18,0,4,120,70
pkz0jFOg,2,19,0,3,73,3
vF58zivx,1,0,0,8,177,18
vF58zivx,1,1,0,7,224,20
vF58zivx,1,2,0,13,221,56
vF58zivx,1,3,0,14,89,45
vF58zivx,1,4,0,9,224,70
vF58zivx,1,5,0,12,179,5
vF58zivx,1,6,0,6,179,45
vF58zivx,1,7,0,5,218,60
vF58zivx,1,8,0,10,224,66
vF58zivx,1,9,0,11,149,20
vF58zivx,1,10,0,4,120,40
vF58zivx,1,11,0,3,73,18
vF58zivx,1,12,0,2,219,65
vF58zivx,1,13,0,19,89,48
vF58zivx,1,14,0,18,221,65
vF58zivx,1,15,0,0,149,50
vF58zivx,1,16,0,15,224,60
vF58zivx,1,17,0,16,149,20
vF58zivx,1,18,0,17,179,45
vF58zivx,1,19,0,1,89,77
f8rzb25V,2,0,0,8,177,43
f8rzb25V,2,1,0,9,224,0
f8rzb25V,2,2,0,7,224,23
f8rzb25V,2,3,0,14,89,45
f8rzb25V,2,4,0,13,221,33
f8rzb25V,2,5,0,0,149,55
f8rzb25V,2,6,0,15,224,17
f8rzb25V,2,7,0,1,89,23
f8rzb25V,2,8,0,17,179,43
f8rzb25V,2,9,0,16,149,43
f8rzb25V,2,10,0,2,219,15
f8rzb25V,2,11,0,3,73,70
f8rzb25V,2,12,0,18,221,15
f8rzb25V,2,13,0,4,120,23
f8rzb25V,2,14,0,19,89,70
f8rzb25V,2,15,0,6,179,43
f8rzb25V,2,16,0,11,149,43
f8rzb25V,2,17,0,5,218,17
f8rzb25V,2,18,0,10,224,23
f8rzb25V,2,19,0,12,179,43
x96QHwqj,3,0,0,16,149,72
x96QHwqj,3,1,0,0,149,55
x96QHwqj,3,2,0,1,89,2
x96QHwqj,3,3,0,17,179,25
x96QHwqj,3,4,0,15,224,5
x96QHwqj,3,5,0,13,221,5
x96QHwqj,3,6,0,8,177,0
x96QHwqj,3,7,0,9,224,82
x96QHwqj,3,8,0,14,89,45
x96QHwqj,3,9,0,7,224,50
x96QHwqj,3,10,0,6,179,20
x96QHwqj,3,11,0,5,218,20
x96QHwqj,3,12,0,10,224,5
x96QHwqj,3,13,0,11,149,70
x96QHwqj,3,14,0,12,179,15
x96QHwqj,3,15,0,18,221,5
x96QHwqj,3,16,0,4,120,80
x96QHwqj,3,17,0,19,89,45
x96QHwqj,3,18,0,3,73,0
x96QHwqj,3,19,0,2,219,65
Q4VuNvby,0,0,0,16,149,18
Q4VuNvby,0,1,0,1,89,31
Q4VuNvby,0,2,0,0,149,16
Q4VuNvby,0,3,0,17,179,29
Q4VuNvby,0,4,0,15,224,21
Q4VuNvby,0,5,0,2,219,18
Q4VuNvby,0,6,0,3,73,44
Q4VuNvby,0,7,0,18,221,18
Q4VuNvby,0,8,0,4,120,45
Q4VuNvby,0,9,0,19,89,41
Q4VuNvby,0,10,0,5,218,15
Q4VuNvby,0,11,0,12,179,22
Q4VuNvby,0,12,0,11,149,20
Q4VuNvby,0,13,0,10,224,11
Q4VuNvby,0,14,0,6,179,33
Q4VuNvby,0,15,0,13,221,11
Q4VuNvby,0,16,0,9,224,22
Q4VuNvby,0,17,0,8,177,1
Q4VuNvby,0,18,0,14,89,60
Q4VuNvby,0,19,0,7,224,23
YOq1kBVt,3,0,0,14,89,18
YOq1kBVt,3,1,0,8,177,10
YOq1kBVt,3,2,0,13,221,15
YOq1kBVt,3,3,0,7,224,14
YOq1kBVt,3,4,0,9,224,12
YOq1kBVt,3,5,0,17,179,12
YOq1kBVt,3,6,0,1,89,12
YOq1kBVt,3,7,0,15,224,20
YOq1kBVt,3,8,0,0,149,10
YOq1kBVt,3,9,0,16,149,10
YOq1kBVt,3,10,0,4,120,4
YOq1kBVt,3,11,0,2,219,3
YOq1kBVt,3,12,0,19,89,20
YOq1kBVt,3,13,0,3,73,20
YOq1kBVt,3,14,0,18,221,12
YOq1kBVt,3,15,0,6,179,30
YOq1kBVt,3,16,0,10,224,12
YOq1kBVt,3,17,0,5,218,20
YOq1kBVt,3,18,0,11,149,20
YOq1kBVt,3,19,0,12,179,12
qGQbseYJ,0,0,0,1,89,30
qGQbseYJ,0,1,0,17,179,40
qGQbseYJ,0,2,0,0,149,54
qGQbseYJ,0,3,0,16,149,36
qGQbseYJ,0,4,0,15,224,40
qGQbseYJ,0,5,0,19,89,50
qGQbseYJ,0,6,0,3,73,15
qGQbseYJ,0,7,0,2,219,80
qGQbseYJ,0,8,0,4,120,60
qGQbseYJ,0,9,0,18,221,40
qGQbseYJ,0,10,0,10,224,60
qGQbseYJ,0,11,0,6,179,30
qGQbseYJ,0,12,0,12,179,50
qGQbseYJ,0,13,0,5,218,45
qGQbseYJ,0,14,0,11,149,64
qGQbseYJ,0,15,0,14,89,60
qGQbseYJ,0,16,0,7,224,30
qGQbseYJ,0,17,0,9,224,58
qGQbseYJ,0,18,0,13,221,38
qGQbseYJ,0,19,0,8,177,15
l2LuBYfu,1,0,0,11,149,22
l2LuBYfu,1,1,0,5,218,34
l2LuBYfu,1,2,0,10,224,14
l2LuBYfu,1,3,0,12,179,26
l2LuBYfu,1,4,0,6,179,33
l2LuBYfu,1,5,0,9,224,55
l2LuBYfu,1,6,0,13,221,30
l2LuBYfu,1,7,0,7,224,15
l2LuBYfu,1,8,0,8,177,10
l2LuBYfu,1,9,0,14,89,43
l2LuBYfu,1,10,0,17,179,15
l2LuBYfu,1,11,0,15,224,13
l2LuBYfu,1,12,0,16,149,42
l2LuBYfu,1,13,0,0,149,50
l2LuBYfu,1,14,0,1,89,10
l2LuBYfu,1,15,0,4,120,57
l2LuBYfu,1,16,0,18,221,29
l2LuBYfu,1,17,0,19,89,25
l2LuBYfu,1,18,0,3,73,3
l2LuBYfu,1,19,0,2,219,55
zBfs3dS0,2,0,0,18,221,30
zBfs3dS0,2,1,0,19,89,54
zBfs3dS0,2,2,0,4,120,60
zBfs3dS0,2,3,0,3,73,12
zBfs3dS0,2,4,0,2,219,80
zBfs3dS0,2,5,0,17,179,10
zBfs3dS0,2,6,0,15,224,21
zBfs3dS0,2,7,0,16,149,60
zBfs3dS0,2,8,0,0,149,70
zBfs3dS0,2,9,0,1,89,30
zBfs3dS0,2,10,0,9,224,70
zBfs3dS0,2,11,0,8,177,9
zBfs3dS0,2,12,0,13,221,34
zBfs3dS0,2,13,0,7,224,40
zBfs3dS0,2,14,0,14,89,80
zBfs3dS0,2,15,0,11,149,69
zBfs3dS0,2,16,0,5,218,50
zBfs3dS0,2,17,0,10,224,67
zBfs3dS0,2,18,0,12,179,25
zBfs3dS0,2,19,0,6,179,30
YSKaaqQ7,3,0,0,12,179,10
YSKaaqQ7,3,1,0,10,224,50
YSKaaqQ7,3,2,0,11,149,67
YSKaaqQ7,3,3,0,6,179,21
YSKaaqQ7,3,4,0,5,218,75
YSKaaqQ7,3,5,0,13,221,35
YSKaaqQ7,3,6,0,9,224,83
YSKaaqQ7,3,7,0,7,224,80
YSKaaqQ7,3,8,0,8,177,15
YSKaaqQ7,3,9,0,14,89,67
YSKaaqQ7,3,10,0,16,149,70
YSKaaqQ7,3,11,0,17,179,20
YSKaaqQ7,3,12,0,1,89,10
YSKaaqQ7,3,13,0,0,149,75
YSKaaqQ7,3,14,0,15,224,63
YSKaaqQ7,3,15,0,18,221,10
YSKaaqQ7,3,16,0,19,89,56
YSKaaqQ7,3,17,0,3,73,10
YSKaaqQ7,3,18,0,4,120,50
YSKaaqQ7,3,19,0,2,219,75
FmRcObSV,1,0,0,4,120,31
FmRcObSV,1,1,0,19,89,11
FmRcObSV,1,2,0,18,221,51
FmRcObSV,1,3,0,2,219,59
FmRcObSV,1,4,0,3,73,21
FmRcObSV,1,5,0,0,149,35
FmRcObSV,1,6,0,15,224,41
FmRcObSV,1,7,0,16,149,23
FmRcObSV,1,8,0,17,179,31
FmRcObSV,1,9,0,1,89,36
FmRcObSV,1,10,0,9,224,31
FmRcObSV,1,11,0,7,224,27
FmRcObSV,1,12,0,13,221,55
FmRcObSV,1,13,0,14,89,31
FmRcObSV,1,14,0,8,177,35
FmRcObSV,1,15,0,6,179,32
FmRcObSV,1,16,0,5,218,47
FmRcObSV,1,17,0,10,224,32
FmRcObSV,1,18,0,11,149,25
FmRcObSV,1,19,0,12,179,22
1NemdBTo,2,0,0,2,219,61
1NemdBTo,2,1,0,4,120,54
1NemdBTo,2,2,0,3,73,21
1NemdBTo,2,3,0,18,221,90
1NemdBTo,2,4,0,19,89,37
1NemdBTo,2,5,0,11,149,60
1NemdBTo,2,6,0,5,218,71
1NemdBTo,2,7,0,6,179,79
1NemdBTo,2,8,0,10,224,84
1NemdBTo,2,9,0,12,179,65
1NemdBTo,2,10,0,13,221,59
1NemdBTo,2,11,0,14,89,45
1NemdBTo,2,12,0,7,224,71
1NemdBTo,2,13,0,9,224,26
1NemdBTo,2,14,0,8,177,16
1NemdBTo,2,15,0,0,149,56
1NemdBTo,2,16,0,15,224,73
1NemdBTo,2,17,0,1,89,84
1NemdBTo,2,18,0,17,179,54
1NemdBTo,2,19,0,16,149,70
PZiowX2w,2,0,0,5,218,40
PZiowX2w,2,1,0,11,149,66
PZiowX2w,2,2,0,10,224,58
PZiowX2w,2,3,0,6,179,44
PZiowX2w,2,4,0,12,179,60
PZiowX2w,2,5,0,8,177,10
PZiowX2w,2,6,0,14,89,55
PZiowX2w,2,7,0,13,221,29
PZiowX2w,2,8,0,7,224,40
PZiowX2w,2,9,0,9,224,52
PZiowX2w,2,10,0,16,149,63
PZiowX2w,2,11,0,1,89,27
PZiowX2w,2,12,0,15,224,16
PZiowX2w,2,13,0,17,179,20
PZiowX2w,2,14,0,0,149,59
PZiowX2w,2,15,0,2,219,70
PZiowX2w,2,16,0,19,89,55
PZiowX2w,2,17,0,4,120,58
PZiowX2w,2,18,0,3,73,12
PZiowX2w,2,19,0,18,221,20
cslvbIE6,2,0,0,17,179,23
cslvbIE6,2,1,0,0,149,50
cslvbIE6,2,2,0,15,224,83
cslvbIE6,2,3,0,16,149,61
cslvbIE6,2,4,0,1,89,23
cslvbIE6,2,5,0,8,177,10
cslvbIE6,2,6,0,7,224,23
cslvbIE6,2,7,0,14,89,40
cslvbIE6,2,8,0,9,224,73
cslvbIE6,2,9,0,13,221,50
cslvbIE6,2,10,0,10,224,80
cslvbIE6,2,11,0,6,179,10
cslvbIE6,2,12,0,5,218,53
cslvbIE6,2,13,0,12,179,60
cslvbIE6,2,14,0,11,149,63
cslvbIE6,2,15,0,4,120,71
cslvbIE6,2,16,0,2,219,81
cslvbIE6,2,17,0,19,89,41
cslvbIE6,2,18,0,3,73,8
cslvbIE6,2,19,0,18,221,53
33dpB69H,1,0,0,11,149,50
33dpB69H,1,1,0,5,218,32
33dpB69H,1,2,0,10,224,60
33dpB69H,1,3,0,12,179,30
33dpB69H,1,4,0,6,179,29
33dpB69H,1,5,0,13,221,60
33dpB69H,1,6,0,8,177,10
33dpB69H,1,7,0,9,224,50
33dpB69H,1,8,0,7,224,20
33dpB69H,1,9,0,14,89,50
33dpB69H,1,10,0,1,89,60
33dpB69H,1,11,0,17,179,30
33dpB69H,1,12,0,0,149,55
33dpB69H,1,13,0,15,224,70
33dpB69H,1,14,0,16,149,40
33dpB69H,1,15,0,2,219,65
33dpB69H,1,16,0,3,73,10
33dpB69H,1,17,0,4,120,55
33dpB69H,1,18,0,19,89,40
33dpB69H,1,19,0,18,221,50
P9wMmcET,0,0,0,4,120,41
P9wMmcET,0,1,0,19,89,33
P9wMmcET,0,2,0,3,73,14
P9wMmcET,0,3,0,18,221,42
P9wMmcET,0,4,0,2,219,65
P9wMmcET,0,5,0,0,149,53
P9wMmcET,0,6,0,17,179,29
P9wMmcET,0,7,0,15,224,72
P9wMmcET,0,8,0,16,149,41
P9wMmcET,0,9,0,1,89,32
P9wMmcET,0,10,0,14,89,35
P9wMmcET,0,11,0,7,224,57
P9wMmcET,0,12,0,13,221,33
P9wMmcET,0,13,0,8,177,24
P9wMmcET,0,14,0,9,224,55
P9wMmcET,0,15,0,5,218,48
P9wMmcET,0,16,0,11,149,41
P9wMmcET,0,17,0,12,179,40
P9wMmcET,0,18,0,10,224,65
P9wMmcET,0,19,0,6,179,1
NajVYcOi,3,0,0,9,224,50
NajVYcOi,3,1,0,7,224,30
NajVYcOi,3,2,0,8,177,40
NajVYcOi,3,3,0,14,89,50
NajVYcOi,3,4,0,13,221,70
NajVYcOi,3,5,0,15,224,55
NajVYcOi,3,6,0,0,149,40
NajVYcOi,3,7,0,16,149,40
NajVYcOi,3,8,0,1,89,60
NajVYcOi,3,9,0,17,179,55
NajVYcOi,3,10,0,3,73,0
NajVYcOi,3,11,0,2,219,65
NajVYcOi,3,12,0,19,89,50
NajVYcOi,3,13,0,4,120,555
NajVYcOi,3,14,0,18,221,50
NajVYcOi,3,15,0,6,179,52
NajVYcOi,3,16,0,11,149,60
NajVYcOi,3,17,0,10,224,70
NajVYcOi,3,18,0,12,179,55
NajVYcOi,3,19,0,5,218,60
